<ImportExportXml version="8.2.0002.0330" SolutionPackageVersion="8.1" languagecode="1033" generatedBy="CrmLive" xmlns:xsi="http://www.w3.org/2001/XMLSchema-instance">
  <SolutionManifest>
    <UniqueName>MicrosoftLabsActionableAudit</UniqueName>
    <LocalizedNames>
      <LocalizedName description="MicrosoftLabs.ActionableAudit" languagecode="1033" />
    </LocalizedNames>
    <Descriptions>
      <Description description="This managed solution tracks the Audit History of the entities. With the help of this solution user can access the Actionable Audit Entity in which Audit History gets stored." languagecode="1033" />
    </Descriptions>
    <Version>1.0.0.0</Version>
    <Managed>1</Managed>
    <Publisher>
      <UniqueName>microsoftdynamics</UniqueName>
      <LocalizedNames>
        <LocalizedName description="Dynamics 365" languagecode="1033" />
        <LocalizedName description="Microsoft Dynamics" languagecode="1036" />
      </LocalizedNames>
      <Descriptions>
        <Description description="Microsoft Dynamics 365" languagecode="1033" />
      </Descriptions>
      <EMailAddress>fpssa@microsoft.com</EMailAddress>
      <SupportingWebsiteUrl>http://crm.dynamics.com</SupportingWebsiteUrl>
      <CustomizationPrefix>msdyn</CustomizationPrefix>
      <CustomizationOptionValuePrefix>19235</CustomizationOptionValuePrefix>
      <Addresses>
        <Address>
          <AddressNumber>1</AddressNumber>
          <AddressTypeCode xsi:nil="true"></AddressTypeCode>
          <City xsi:nil="true"></City>
          <County xsi:nil="true"></County>
          <Country xsi:nil="true"></Country>
          <Fax xsi:nil="true"></Fax>
          <FreightTermsCode xsi:nil="true"></FreightTermsCode>
          <ImportSequenceNumber xsi:nil="true"></ImportSequenceNumber>
          <Latitude xsi:nil="true"></Latitude>
          <Line1 xsi:nil="true"></Line1>
          <Line2 xsi:nil="true"></Line2>
          <Line3 xsi:nil="true"></Line3>
          <Longitude xsi:nil="true"></Longitude>
          <Name xsi:nil="true"></Name>
          <PostalCode xsi:nil="true"></PostalCode>
          <PostOfficeBox xsi:nil="true"></PostOfficeBox>
          <PrimaryContactName xsi:nil="true"></PrimaryContactName>
          <ShippingMethodCode xsi:nil="true"></ShippingMethodCode>
          <StateOrProvince xsi:nil="true"></StateOrProvince>
          <Telephone1 xsi:nil="true"></Telephone1>
          <Telephone2 xsi:nil="true"></Telephone2>
          <Telephone3 xsi:nil="true"></Telephone3>
          <TimeZoneRuleVersionNumber xsi:nil="true"></TimeZoneRuleVersionNumber>
          <UPSZone xsi:nil="true"></UPSZone>
          <UTCOffset xsi:nil="true"></UTCOffset>
          <UTCConversionTimeZoneCode xsi:nil="true"></UTCConversionTimeZoneCode>
        </Address>
        <Address>
          <AddressNumber>2</AddressNumber>
          <AddressTypeCode xsi:nil="true"></AddressTypeCode>
          <City xsi:nil="true"></City>
          <County xsi:nil="true"></County>
          <Country xsi:nil="true"></Country>
          <Fax xsi:nil="true"></Fax>
          <FreightTermsCode xsi:nil="true"></FreightTermsCode>
          <ImportSequenceNumber xsi:nil="true"></ImportSequenceNumber>
          <Latitude xsi:nil="true"></Latitude>
          <Line1 xsi:nil="true"></Line1>
          <Line2 xsi:nil="true"></Line2>
          <Line3 xsi:nil="true"></Line3>
          <Longitude xsi:nil="true"></Longitude>
          <Name xsi:nil="true"></Name>
          <PostalCode xsi:nil="true"></PostalCode>
          <PostOfficeBox xsi:nil="true"></PostOfficeBox>
          <PrimaryContactName xsi:nil="true"></PrimaryContactName>
          <ShippingMethodCode xsi:nil="true"></ShippingMethodCode>
          <StateOrProvince xsi:nil="true"></StateOrProvince>
          <Telephone1 xsi:nil="true"></Telephone1>
          <Telephone2 xsi:nil="true"></Telephone2>
          <Telephone3 xsi:nil="true"></Telephone3>
          <TimeZoneRuleVersionNumber xsi:nil="true"></TimeZoneRuleVersionNumber>
          <UPSZone xsi:nil="true"></UPSZone>
          <UTCOffset xsi:nil="true"></UTCOffset>
          <UTCConversionTimeZoneCode xsi:nil="true"></UTCConversionTimeZoneCode>
        </Address>
      </Addresses>
    </Publisher>
    <RootComponents>
      <RootComponent type="1" schemaName="msdyn_audithistory" behavior="0" />
      <RootComponent type="61" schemaName="msdyn_audithistory" behavior="0" />
      <RootComponent type="61" schemaName="msdyn_grid" behavior="0" />
      <RootComponent type="91" schemaName="MicrosoftLabs.ActionableAudit, Version=1.0.0.0, Culture=neutral, PublicKeyToken=2954010b1278a799" behavior="0" />
      <RootComponent type="92" id="{1635cfbd-3791-e711-80fb-3863bb3c0560}" behavior="0" />
      <RootComponent type="92" id="{2cc46247-3791-e711-80fb-3863bb3c0560}" behavior="0" />
      <RootComponent type="92" id="{33c24888-3791-e711-80fb-3863bb3c0560}" behavior="0" />
      <RootComponent type="92" id="{375c8f73-3791-e711-80fb-3863bb3c0560}" behavior="0" />
      <RootComponent type="92" id="{76244a63-3791-e711-80fb-3863bb3c0560}" behavior="0" />
      <RootComponent type="92" id="{895383e5-3691-e711-80fb-3863bb3c0560}" behavior="0" />
      <RootComponent type="92" id="{a3883ed2-3791-e711-80fb-3863bb3c0560}" behavior="0" />
      <RootComponent type="92" id="{a9efada7-3791-e711-80fb-3863bb3c0560}" behavior="0" />
      <RootComponent type="92" id="{ad624dd4-3691-e711-80fb-3863bb3c0560}" behavior="0" />
      <RootComponent type="92" id="{c582e230-3791-e711-80fb-3863bb3c0560}" behavior="0" />
      <RootComponent type="92" id="{c8da6e04-3791-e711-80fb-3863bb3c0560}" behavior="0" />
      <RootComponent type="92" id="{fbe54920-3791-e711-80fb-3863bb3c0560}" behavior="0" />
    </RootComponents>
    <MissingDependencies />
  </SolutionManifest>
</ImportExportXml>